{
    "auroc_epoch": 0.6656386318801922,
    "auprc_epoch": 0.9016093611717224,
    "epoch": 0,
    "step": 0
}
