{
    "auroc_epoch": 0.6822957709482532,
    "auprc_epoch": 0.7609392404556274,
    "epoch": 0,
    "step": 0
}
