{
    "auroc_epoch": 0.8549143667503,
    "auprc_epoch": 0.8743249177932739,
    "epoch": 0,
    "step": 0
}
