{
    "auroc_epoch": 0.79883069828722,
    "auprc_epoch": 0.8863873481750488,
    "epoch": 0,
    "step": 0
}
