{
    "auroc_epoch": 0.5942485078676072,
    "auprc_epoch": 0.694081723690033,
    "epoch": 0,
    "step": 0
}
