{
    "auroc_epoch": 0.013999118165784832,
    "auprc_epoch": 0.36899688839912415,
    "epoch": 0,
    "step": 0
}
