{
    "auroc_epoch": 0.49990633891176417,
    "auprc_epoch": 0.3193648159503937,
    "epoch": 0,
    "step": 0
}
