{
    "auroc_epoch": 0.5211298019058946,
    "auprc_epoch": 0.3308107554912567,
    "epoch": 0,
    "step": 0
}
