{
    "auroc_epoch": 0.4211111111111111,
    "auprc_epoch": 0.37061065435409546,
    "epoch": 0,
    "step": 0
}
