{
    "auroc_epoch": 0.3745512820512821,
    "auprc_epoch": 0.399755597114563,
    "epoch": 0,
    "step": 0
}
