{
    "auroc_epoch": 0.5242527631477248,
    "auprc_epoch": 0.43266698718070984,
    "epoch": 0,
    "step": 0
}
