{
    "auroc_epoch": 0.419045668646324,
    "auprc_epoch": 0.6883707046508789,
    "epoch": 0,
    "step": 0
}
