{
    "auroc_epoch": 0.6690302170830151,
    "auprc_epoch": 0.732036828994751,
    "epoch": 0,
    "step": 0
}
