{
    "auroc_epoch": 0.5454595596346468,
    "auprc_epoch": 0.44673046469688416,
    "epoch": 0,
    "step": 0
}
