{
    "auroc_epoch": 0.9536280776515151,
    "auprc_epoch": 0.9842047691345215,
    "epoch": 0,
    "step": 0
}
