{
    "auroc_epoch": 0.5004957404822641,
    "auprc_epoch": 0.3449787199497223,
    "epoch": 0,
    "step": 0
}
