{
    "auroc_epoch": 0.516264367816092,
    "auprc_epoch": 0.7885969281196594,
    "epoch": 0,
    "step": 0
}
