{
    "auroc_epoch": 0.3504569966361786,
    "auprc_epoch": 0.40996524691581726,
    "epoch": 0,
    "step": 0
}
