{
    "auroc_epoch": 0.573816760746852,
    "auprc_epoch": 0.639907717704773,
    "epoch": 0,
    "step": 0
}
