{
    "auroc_epoch": 0.4525331439393939,
    "auprc_epoch": 0.7649310231208801,
    "epoch": 0,
    "step": 0
}
