{
    "auroc_epoch": 0.5371466358075715,
    "auprc_epoch": 0.445398211479187,
    "epoch": 0,
    "step": 0
}
