{
    "auroc_epoch": 0.9765211640211641,
    "auprc_epoch": 0.9773509502410889,
    "epoch": 0,
    "step": 0
}
