{
    "auroc_epoch": 0.37401442307692306,
    "auprc_epoch": 0.39962106943130493,
    "epoch": 0,
    "step": 0
}
