{
    "auroc_epoch": 0.5265443323965394,
    "auprc_epoch": 0.43907493352890015,
    "epoch": 0,
    "step": 0
}
