{
    "auroc_epoch": 0.5436896055452757,
    "auprc_epoch": 0.8113324046134949,
    "epoch": 0,
    "step": 0
}
