{
    "auroc_epoch": 0.4194320530954194,
    "auprc_epoch": 0.5409402251243591,
    "epoch": 0,
    "step": 0
}
