step	loss
22	0.887128472328186
45	0.6774965524673462
68	0.6206123232841492
91	0.5926041603088379
114	0.5785573720932007
137	0.5654087066650391
160	0.5596751570701599
183	0.5510521531105042
206	0.5382974743843079
229	0.532743513584137
