step	loss
502	494.34954833984375
1005	410.8188781738281
1508	409.2672119140625
2011	404.4075012207031
2514	399.2275390625
3017	397.2235412597656
3520	392.9249267578125
4023	390.5125427246094
4526	386.2834167480469
5029	385.6896057128906
5532	384.0228271484375
6035	381.42315673828125
6538	381.1265563964844
7041	375.5833435058594
7544	374.44073486328125
8047	374.931884765625
8550	372.32977294921875
9053	369.9066162109375
9556	369.2976379394531
10059	368.1026306152344
