step	loss
24	566.2354125976562
49	374.7372741699219
74	354.305908203125
99	350.9588623046875
124	349.7120056152344
149	350.0280456542969
174	351.38348388671875
199	350.32061767578125
224	349.5577697753906
249	349.4643249511719
