step	loss
23	0.7398014664649963
47	0.5519297122955322
71	0.5137168765068054
95	0.48804911971092224
119	0.4659320116043091
143	0.4470486342906952
167	0.4380345642566681
191	0.43723616003990173
215	0.42516496777534485
239	0.4161059856414795
