step	loss
21	0.7968254685401917
43	0.5794968008995056
65	0.5327074527740479
87	0.5167989134788513
109	0.5019538998603821
131	0.4851144552230835
153	0.47948580980300903
175	0.4715052545070648
197	0.46171215176582336
219	0.4532112181186676
