step	loss
24	20.327640533447266
49	16.996326446533203
74	14.874505996704102
99	13.654192924499512
124	12.981523513793945
149	12.621149063110352
174	12.339522361755371
199	12.009106636047363
224	11.824379920959473
249	11.692090034484863
