step	loss
21	2.8402488231658936
43	2.6513006687164307
65	2.5865516662597656
87	2.5744144916534424
109	2.557257652282715
131	2.5350472927093506
153	2.5232326984405518
175	2.510284185409546
197	2.5070645809173584
219	2.4528326988220215
