step	loss
24	20.65463638305664
49	17.234310150146484
74	15.169560432434082
99	13.924360275268555
124	13.199637413024902
149	12.768413543701172
174	12.504830360412598
199	12.24813461303711
224	12.08955192565918
249	11.939168930053711
