step	loss
21	0.7523553371429443
43	0.5663813352584839
65	0.515362024307251
87	0.4887903928756714
109	0.476753830909729
131	0.4636295437812805
153	0.45216646790504456
175	0.4466533660888672
197	0.4387491047382355
219	0.42952337861061096
