step	loss
9	0.9612734913825989
19	0.7685566544532776
29	0.6988903284072876
39	0.6420612931251526
49	0.6146451830863953
59	0.596198320388794
69	0.5692030191421509
79	0.5603523254394531
89	0.5558633804321289
99	0.5497655868530273
