step	loss
14	0.7909841537475586
29	0.5854129791259766
44	0.5227303504943848
59	0.5008094906806946
74	0.489309161901474
89	0.4765171706676483
104	0.4636729955673218
119	0.45881426334381104
134	0.44987159967422485
149	0.448140949010849
