step	loss
24	20.048568725585938
49	16.695703506469727
74	14.608664512634277
99	13.32583236694336
124	12.554490089416504
149	12.230822563171387
174	11.924720764160156
199	11.685686111450195
224	11.536164283752441
249	11.389086723327637
