step	loss
24	3335.235107421875
49	3268.375244140625
74	3198.306640625
99	3127.24755859375
124	3059.0966796875
149	2981.885009765625
174	2909.80322265625
199	2833.341552734375
224	2767.533203125
249	2682.7373046875
