step	loss
21	1.3301522731781006
43	1.1380205154418945
65	1.0900914669036865
87	1.0694876909255981
109	1.0531102418899536
131	1.041952133178711
153	1.0205872058868408
175	1.011972427368164
197	1.0080888271331787
219	0.9989815354347229
