step	loss
22	0.8750762939453125
45	0.6370246410369873
68	0.5716598629951477
91	0.5500152707099915
114	0.5307052135467529
137	0.5182148218154907
160	0.5112500190734863
183	0.4981115460395813
206	0.48982125520706177
229	0.48255446553230286
