step	loss
24	4965.4755859375
49	4882.7373046875
74	4797.74755859375
99	4713.6025390625
124	4619.28466796875
149	4523.19384765625
174	4425.009765625
199	4322.6669921875
224	4223.87646484375
249	4123.1318359375
