step	loss
24	589.2582397460938
49	367.2445983886719
74	356.20758056640625
99	351.32159423828125
124	348.4812927246094
149	348.4037170410156
174	347.4195556640625
199	348.1519775390625
224	347.93670654296875
249	347.3960876464844
