step	loss
24	20.533506393432617
49	17.05835723876953
74	14.860246658325195
99	13.492568016052246
124	12.720943450927734
149	12.321861267089844
174	12.089359283447266
199	11.840828895568848
224	11.669061660766602
249	11.501692771911621
