step	loss
21	0.8397231698036194
43	0.6194309592247009
65	0.570176362991333
87	0.5448720455169678
109	0.5261735320091248
131	0.5203997492790222
153	0.5094845294952393
175	0.4907909333705902
197	0.4903426468372345
219	0.4786960780620575
