step	loss
21	0.7734230160713196
43	0.5823240876197815
65	0.5319244861602783
87	0.5094577670097351
109	0.48131370544433594
131	0.4737655520439148
153	0.45806360244750977
175	0.4422158896923065
197	0.43550169467926025
219	0.43725672364234924
