step	loss
21	0.9172212481498718
43	0.6776056289672852
65	0.6064276099205017
87	0.5790085792541504
109	0.5650619864463806
131	0.5545116066932678
153	0.5487544536590576
175	0.5410516262054443
197	0.538618803024292
219	0.5300340056419373
