step	loss
23	1.0057309865951538
47	0.7397211194038391
71	0.6854435801506042
95	0.6577872633934021
119	0.6370534300804138
143	0.6136316061019897
167	0.6063333749771118
191	0.6002684235572815
215	0.5950560569763184
239	0.5883688926696777
