step	loss
14	1.5394794940948486
29	1.350707769393921
44	1.2850960493087769
59	1.258651614189148
74	1.2451766729354858
89	1.2300649881362915
104	1.213371753692627
119	1.2063937187194824
134	1.1960984468460083
149	1.1852073669433594
