step	loss
24	5211.97998046875
49	5128.0830078125
74	5040.783203125
99	4952.0986328125
124	4858.21337890625
149	4761.62890625
174	4665.505859375
199	4564.06591796875
224	4456.27880859375
249	4348.81298828125
