step	loss
9	1.2583034038543701
19	1.0744140148162842
29	0.986583411693573
39	0.9426355361938477
49	0.92778080701828
59	0.9091389775276184
69	0.8923438191413879
79	0.8741344213485718
89	0.8675249218940735
99	0.8536099195480347
